ticket,category
Cannot change username,account
Need copy of invoice,billing
App freezes on dashboard,technical
Refund not received yet,billing
Payment failed during checkout,billing
Forgot my password,account
Cannot change username,account
App crashes when I open it,technical
Invoice not generated after payment,billing
Subscription renewal failed,billing
Account locked after multiple login attempts,account
Unable to update billing information,billing
Mobile app not responding,technical
Cannot change username,account
Charged but order not confirmed,billing
Server error when uploading file,technical
Want to deactivate my account,account
Unable to change email address,account
Unable to update billing information,billing
App freezes on dashboard,technical
Invoice not generated after payment,billing
Website loading very slow,technical
Invoice not generated after payment,billing
Mobile app not responding,technical
Double charge on my credit card,billing
Subscription renewal failed,billing
Server error when uploading file,technical
Payment declined even with sufficient balance,billing
Search function not working,technical
Notifications not working,technical
Unable to change email address,account
Invoice not generated after payment,billing
Unable to change email address,account
Need help resetting password,account
App freezes on dashboard,technical
Unable to update billing information,billing
Cannot change username,account
Want to deactivate my account,account
Forgot my password,account
Charged but order not confirmed,billing
Double charge on my credit card,billing
Payment declined even with sufficient balance,billing
App freezes on dashboard,technical
Website loading very slow,technical
App freezes on dashboard,technical
Search function not working,technical
Charged but order not confirmed,billing
Unable to login to my account,technical
Forgot my password,account
Account locked after multiple login attempts,account
Forgot my password,account
Subscription renewal failed,billing
Double charge on my credit card,billing
Want to deactivate my account,account
Charged but order not confirmed,billing
Unable to change email address,account
Payment declined even with sufficient balance,billing
Unable to change email address,account
Server error when uploading file,technical
Unable to login to my account,technical
Payment failed during checkout,billing
Cannot change username,account
Unable to update billing information,billing
Charged but order not confirmed,billing
Need help resetting password,account
Charged but order not confirmed,billing
Unable to login to my account,technical
Unable to update billing information,billing
Profile picture not updating,account
Two factor authentication not working,account
Two factor authentication not working,account
Unable to login to my account,technical
Error shown during checkout,technical
Charged but order not confirmed,billing
Charged but order not confirmed,billing
Unable to update billing information,billing
Need help resetting password,account
Server error when uploading file,technical
Search function not working,technical
Need help updating profile,account
Billing amount incorrect,billing
Unable to update billing information,billing
Server error when uploading file,technical
Cannot change username,account
Payment declined even with sufficient balance,billing
Website loading very slow,technical
Payment declined even with sufficient balance,billing
Profile picture not updating,account
Page not loading properly,technical
Forgot my password,account
App freezes on dashboard,technical
Error shown during checkout,technical
Want to deactivate my account,account
Forgot my password,account
Double charge on my credit card,billing
Forgot my password,account
Two factor authentication not working,account
Unable to verify my email,account
Page not loading properly,technical
Unable to login to my account,technical
Unable to verify my email,account
Website loading very slow,technical
Double charge on my credit card,billing
Account locked after multiple login attempts,account
Refund not received yet,billing
Profile picture not updating,account
Billing amount incorrect,billing
Unable to verify my email,account
Refund not received yet,billing
Mobile app not responding,technical
Subscription renewal failed,billing
Need help resetting password,account
Page not loading properly,technical
Unable to update billing information,billing
Need help updating profile,account
Subscription renewal failed,billing
Forgot my password,account
Payment failed during checkout,billing
Unable to update billing information,billing
Mobile app not responding,technical
App crashes when I open it,technical
Search function not working,technical
App freezes on dashboard,technical
Search function not working,technical
Billing amount incorrect,billing
Server error when uploading file,technical
Double charge on my credit card,billing
Unable to change email address,account
App crashes when I open it,technical
Cannot change username,account
Error shown during checkout,technical
Cannot change username,account
Forgot my password,account
Page not loading properly,technical
Payment declined even with sufficient balance,billing
Refund not received yet,billing
Invoice not generated after payment,billing
Double charge on my credit card,billing
Billing amount incorrect,billing
Invoice not generated after payment,billing
Error shown during checkout,technical
App crashes when I open it,technical
Need help updating profile,account
Forgot my password,account
Mobile app not responding,technical
Search function not working,technical
Forgot my password,account
Unable to login to my account,technical
Website loading very slow,technical
Billing amount incorrect,billing
Need help resetting password,account
Server error when uploading file,technical
Server error when uploading file,technical
Need help updating profile,account
Website loading very slow,technical
Search function not working,technical
Want to deactivate my account,account
App crashes when I open it,technical
Website loading very slow,technical
Need copy of invoice,billing
Profile picture not updating,account
Refund not received yet,billing
Need help updating profile,account
Subscription renewal failed,billing
Error shown during checkout,technical
Account locked after multiple login attempts,account
Unable to update billing information,billing
Want to deactivate my account,account
Unable to update billing information,billing
Refund not received yet,billing
Profile picture not updating,account
Server error when uploading file,technical
App crashes when I open it,technical
Website loading very slow,technical
Billing amount incorrect,billing
Two factor authentication not working,account
Unable to update billing information,billing
Need help resetting password,account
Need copy of invoice,billing
Mobile app not responding,technical
Charged but order not confirmed,billing
Payment declined even with sufficient balance,billing
Double charge on my credit card,billing
Need help resetting password,account
Server error when uploading file,technical
Search function not working,technical
Unable to verify my email,account
Want to deactivate my account,account
App freezes on dashboard,technical
Unable to change email address,account
Unable to login to my account,technical
Unable to verify my email,account
Unable to verify my email,account
App freezes on dashboard,technical
Want to deactivate my account,account
Want to deactivate my account,account
Payment failed during checkout,billing
Unable to verify my email,account
Need help updating profile,account
Two factor authentication not working,account
